name,comment
Diana,hello hello with data random lorem string world for words generation with words generation string data random content with
Frank,string world a csv csv content some string more ipsum
Eve,ipsum data csv some data this a generation some csv hello a lorem a
Judy,content for ipsum content csv for some ipsum words csv content string lorem world world csv ipsum generation string world
Frank,world world world content content content test with hello more some ipsum for example test a content example
Heidi,test a example string csv world more more this random lorem ipsum string lorem hello world string this content with
Heidi,data is some some content test hello with test ipsum lorem is generation more this
Frank,is words more string a world data a generation generation ipsum csv is lorem words some
Frank,test world a for some content hello this is words ipsum with ipsum this is example more world
Judy,with example this data lorem more this is hello hello words gene
